CVE,PATCH,G:A:V
CVE-2013-4600,https://github.com/alkacon/opencms-core/commit/72a05e3ea1cf692e2efce002687272e63f98c14a,org.opencms:opencms-core:8.5.0
CVE-2018-3831,https://github.com/elastic/elasticsearch/commit/cfe3d9f611a328cfffc18b445b3aecb016349514,org.elasticsearch:elasticsearch:5.3.0
CVE-2022-23596,https://github.com/junrar/junrar/commit/7b16b3d90b91445fd6af0adfed22c07413d4fab7,com.github.junrar:junrar:0.7
CVE-2021-39154,https://github.com/x-stream/xstream/commit/652d72f38b33938c54fd3b2ef626cb7dce38001c,com.thoughtworks.xstream:xstream:1.4.11.1
CVE-2020-26217,https://github.com/x-stream/xstream/commit/0fec095d534126931c99fd38e9c6d41f5c685c1a,com.thoughtworks.xstream:xstream:1.4.13
CVE-2021-37714,https://github.com/jhy/jsoup/commit/d2c455c94a3aaaca29d8cec6bd53ee9824622b51,org.jsoup:jsoup:1.13.1
CVE-2019-3888,https://github.com/undertow-io/undertow/commit/20cacc96c0594f4f4f9bb1cc2b93a77b6be3f74c,io.undertow:undertow-core:1.4.20.Final
CVE-2019-3888,https://github.com/undertow-io/undertow/commit/9bf05b765e222dd106fee9b46314061b18b7275e,io.undertow:undertow-core:1.4.20.Final
CVE-2017-12626,https://github.com/apache/poi/commit/cd6236c74b55763a27e3e9b5f269c28bc9c98419,org.apache.poi:poi:3.15
CVE-2017-12626,https://github.com/apache/poi/commit/c7db66a30dfb6cbbd5812ff3ae4c90ed2d9b9a27,org.apache.poi:poi:3.15
CVE-2017-12626,https://github.com/apache/poi/commit/a07ed9e86474da98f204efadfd5b9327009a0d21,org.apache.poi:poi:3.15
CVE-2017-12626,https://github.com/apache/poi/commit/df3910135fd9c442b4e746e4b156362fd2e8d755,org.apache.poi:poi:3.15
CVE-2014-0050,https://github.com/apache/commons-fileupload/commit/c61ff05b3241cb14d989b67209e57aa71540417a,commons-fileupload:commons-fileupload:1.2.1
CVE-2014-0050,https://github.com/apache/commons-fileupload/commit/60c71bb5ddb709808e1a855e8299b5f5ad617aa5,commons-fileupload:commons-fileupload:1.2.1
CVE-2018-1339,https://github.com/apache/tika/commit/ffb48dd29d0c2009490caefda75e5b57c7958c51,org.apache.tika:tika-parsers:1.17
CVE-2017-12196,https://github.com/undertow-io/undertow/commit/facb33a5cedaf4b7b96d3840a08210370a806870,io.undertow:undertow-core:1.4.18.Final
CVE-2017-12196,https://github.com/undertow-io/undertow/commit/8804170ce3186bdd83b486959399ec7ac0f59d0f,io.undertow:undertow-core:1.4.18.Final
CVE-2016-1182,https://github.com/kawasima/struts1-forever/commit/eda3a79907ed8fcb0387a0496d0cb14332f250e8,struts:struts:1.2.9
CVE-2021-22569,https://github.com/protocolbuffers/protobuf/commit/9638a5e5315bf73f5e7148c16181676372321892,com.google.protobuf:protobuf-java:3.19.1
CVE-2017-3589,https://github.com/mysql/mysql-connector-j/commit/44631dd316e3da818fb593f02dbbe30308a937e0,mysql:mysql-connector-java:5.1.38
CVE-2016-5001,https://github.com/apache/hadoop/commit/04b8a19f81ee616c315eec639642439b3a18ad9c,org.apache.hadoop:hadoop-hdfs:2.6.0
CVE-2014-4172,https://github.com/apereo/java-cas-client/commit/ae37092100c8eaec610dab6d83e5e05a8ee58814,org.jasig.cas.client:cas-client-core:3.2.1
CVE-2014-4172,https://github.com/apereo/java-cas-client/commit/9de2be91a2ed4f013900cb1facd4036c2f34d051,org.jasig.cas.client:cas-client-core:3.2.1
CVE-2021-27906,https://github.com/apache/pdfbox/commit/c978d742bd64137aacdba346f3afe7238a5ac9a7,org.apache.pdfbox:pdfbox:2.0.12
CVE-2021-43797,https://github.com/netty/netty/commit/07aa6b5938a8b6ed7a6586e066400e2643897323,io.netty:netty-codec-http:4.1.63.Final
CVE-2019-0201,https://github.com/emperwang/zookeeper/commit/af741cb319d4760cfab1cd3b560635adacd8deca,org.apache.zookeeper:zookeeper:3.4.6
CVE-2016-1000339,https://github.com/bcgit/bc-java/commit/413b42f4d770456508585c830cfcde95f9b0e93b,org.bouncycastle:bcprov-jdk15on:1.54
CVE-2016-1000339,https://github.com/bcgit/bc-java/commit/8a73f08931450c17c749af067b6a8185abdfd2c0,org.bouncycastle:bcprov-jdk15on:1.54
CVE-2011-1498,https://github.com/apache/httpcomponents-client/commit/a572756592c969affd0ce87885724e74839176fb,org.apache.httpcomponents:httpclient:4.0.1
CVE-2020-1951,https://github.com/apache/tika/commit/750d7790c7d8ba766f2794fac79521d5870eadfb,org.apache.tika:tika-parsers:1.22
CVE-2021-21343,https://github.com/x-stream/xstream/commit/d5e51177634afea7213b9dc2d21f101d2e258db9,com.thoughtworks.xstream:xstream:1.3.1
CVE-2022-26336,https://github.com/apache/poi/commit/6622d9badb3590cb6190d912730548635a359dc0,org.apache.poi:poi-scratchpad:5.0.0
CVE-2017-12629,https://github.com/apache/lucene-solr/commit/d8000beebfb13ba0b6e754f84c760e11592d8d1,org.apache.lucene:lucene-queryparser:5.5.0
CVE-2017-9735,https://github.com/eclipse/jetty.project/commit/042f325f1cd6e7891d72c7e668f5947b5457dc02,org.eclipse.jetty:jetty-util:9.2.14.v20151106
CVE-2017-9735,https://github.com/eclipse/jetty.project/commit/f3751d70787fd8ab93932a51c60514c2eb37cb58,org.eclipse.jetty:jetty-util:9.2.14.v20151106
CVE-2017-9735,https://github.com/eclipse/jetty.project/commit/2baa1abe4b1c380a30deacca1ed367466a1a62ea,org.eclipse.jetty:jetty-util:9.2.14.v20151106
CVE-2020-13941,https://github.com/apache/lucene-solr/commit/49a3f0a11d41f7124b893a08dc9e67594c32e2ee,org.apache.solr:solr-core:7.4.0
CVE-2019-12086,https://github.com/FasterXML/jackson-databind/commit/efc3c0d02f4743dbaa6d1b9c466772a2f13d966b,com.fasterxml.jackson.core:jackson-databind:2.8.11.3
CVE-2020-17523,https://github.com/apache/shiro/commit/ab1ea4a2006f6bd6a2b5f72740b7135662f8f160,org.apache.shiro:shiro-core:1.4.0
CVE-2018-11039,https://github.com/spring-projects/spring-framework/commit/323ccf99e575343f63d56e229c25c35c170b7ec1,org.springframework:spring-web:4.3.14.RELEASE
CVE-2017-4995,https://github.com/spring-projects/spring-security/commit/947d11f433b78294942cb5ea56e8aa5c3a0ca43,org.springframework.security:spring-security-core:4.2.2.RELEASE
CVE-2017-4995,https://github.com/spring-projects/spring-security/commit/5dee8534cd1b92952d10cc56335b5d5856f48f3b,org.springframework.security:spring-security-core:4.2.2.RELEASE
CVE-2019-0207,https://github.com/apache/tapestry-5/commit/6dd7219fd4707467a36091e2f7f5f6460c619099,org.apache.tapestry:tapestry-ioc:5.3.1
CVE-2016-9177,https://github.com/perwendel/spark/commit/efcb46c710e3f56805b9257a63d1306882f4faf9,com.sparkjava:spark-core:2.3
CVE-2009-2901,https://github.com/apache/tomcat55/commit/0299cb724ea71f304d54adfcdb950f59b01fb421,org.apache.tomcat:catalina:6.0.18
CVE-2009-2901,https://github.com/apache/tomcat/commit/3e1010b1a2f648581fac3d68afbf18f2979f6bf6,org.apache.tomcat:catalina:6.0.18
CVE-2021-21290,https://github.com/netty/netty/commit/c735357bf29d07856ad171c6611a2e1a0e0000ec,io.netty:netty-handler:4.1.45.Final
CVE-2021-3642,https://github.com/wildfly-security/wildfly-elytron/commit/f512afc33807c8e7cf74ccb1a14532090906e793,org.wildfly.security:wildfly-elytron:1.1.0.Final
CVE-2014-3558,https://github.com/hibernate/hibernate-validator/commit/e8c42b689df8c6752d635d02c6518da3fece3870,org.hibernate:hibernate-validator:5.0.1.Final
CVE-2014-3558,https://github.com/hibernate/hibernate-validator/commit/2c95d4ea0ef20977be249e31a4a4f4f4f71c945d,org.hibernate:hibernate-validator:5.0.1.Final
CVE-2014-3558,https://github.com/hibernate/hibernate-validator/commit/c489416f699a46859c134796b3ccfea41ef3ce52,org.hibernate:hibernate-validator:5.0.1.Final
CVE-2014-3558,https://github.com/hibernate/hibernate-validator/commit/c9525ca544b1281e2b7c7347e86e87c86dc1dc6e,org.hibernate:hibernate-validator:5.0.1.Final
CVE-2014-3558,https://github.com/hibernate/hibernate-validator/commit/fd4eaed7fb930db6a5e4c03742b4b3adcfecc90e,org.hibernate:hibernate-validator:5.0.1.Final
CVE-2014-3558,https://github.com/hibernate/hibernate-validator/commit/f97c2021a03c825abdeca1692f5be51e77e76a8f,org.hibernate:hibernate-validator:5.0.1.Final
CVE-2014-3558,https://github.com/hibernate/hibernate-validator/commit/67fdff14831c035c25e098fe14bd86523d17f726,org.hibernate:hibernate-validator:5.0.1.Final
CVE-2014-3558,https://github.com/hibernate/hibernate-validator/commit/7e7131939a4361a7cad3e77ab89a8462132c561c,org.hibernate:hibernate-validator:5.0.1.Final
CVE-2018-1271,https://github.com/spring-projects/spring-framework/commit/91b803a2310344d925e5d4b1709bbcea9037554,org.springframework:spring-webmvc:5.0.4.RELEASE
CVE-2018-1271,https://github.com/spring-projects/spring-framework/commit/695bf2961feffd35b5560ccc982a2189dcca611,org.springframework:spring-webmvc:5.0.4.RELEASE
CVE-2018-1271,https://github.com/spring-projects/spring-framework/commit/98ad23bef8e2e04143f8f5b201380543a8d8c0c,org.springframework:spring-webmvc:5.0.4.RELEASE
CVE-2018-1271,https://github.com/spring-projects/spring-framework/commit/f59ea610dfcf55cd0b42f6dd76a9b3dab0218aa,org.springframework:spring-webmvc:5.0.4.RELEASE
CVE-2018-1271,https://github.com/spring-projects/spring-framework/commit/0e28bee0f155b9bf240b4bafc4646e4810cb23f,org.springframework:spring-webmvc:5.0.4.RELEASE
CVE-2018-1271,https://github.com/spring-projects/spring-framework/commit/13356a7ee2240f740737c5c83bdccdacc30603a,org.springframework:spring-webmvc:5.0.4.RELEASE
CVE-2021-43795,https://github.com/line/armeria/commit/e2697a575e9df6692b423e02d731f293c1313284,com.linecorp.armeria:armeria:1.11.0
CVE-2016-5007,https://github.com/spring-projects/spring-security/commit/e4c13e,org.springframework.security:spring-security-config:4.0.4.RELEASE
CVE-2021-21347,https://github.com/x-stream/xstream/commit/51abe602e09016c8e43e91325a15226022f4da46,com.thoughtworks.xstream:xstream:1.4.11.1
CVE-2021-39147,https://github.com/x-stream/xstream/commit/652d72f38b33938c54fd3b2ef626cb7dce38001c,com.thoughtworks.xstream:xstream:1.4.11.1
CVE-2017-7561,https://github.com/resteasy/Resteasy/commit/fd66aad3cb1e8553323a9af5b58f1ad5150dc5b9,org.jboss.resteasy:resteasy-jaxrs:3.0.19.Final
CVE-2017-5656,https://github.com/apache/cxf/commit/f25f4a51bf0de5255414c233f41ccc35cf00a073,org.apache.cxf:cxf-rt-ws-security:3.0.5
CVE-2017-5656,https://github.com/apache/cxf/commit/66c2c5b9,org.apache.cxf:cxf-rt-ws-security:3.0.5
CVE-2013-6430,https://github.com/spring-projects/spring-framework/commit/f5c9fe69a444607af667911bd4c5074b5b073e7b,org.springframework:spring-web:3.0.5.RELEASE
CVE-2013-6430,https://github.com/spring-projects/spring-framework/commit/7a7df6637478607bef0277bf52a4e0a03e20a248,org.springframework:spring-web:3.0.5.RELEASE
CVE-2016-1000341,https://github.com/bcgit/bc-java/commit/acaac81f96fec91ab45bd0412beaf9c3acd8defa,org.bouncycastle:bcprov-jdk15on:1.54
CVE-2014-0107,https://github.com/apache/xalan-j/commit/cbfd906cc5a1f1566fa1a98400c82e56077fae0c,xalan:xalan:2.7.1
CVE-2015-3192,https://github.com/spring-projects/spring-framework/commit/9c3580d04e84d25a90ef4c249baee1b4e02df15e,org.springframework:spring-web:4.1.6.RELEASE
CVE-2015-3192,https://github.com/spring-projects/spring-framework/commit/5a711c05ec750f069235597173084c2ee796242,org.springframework:spring-web:4.1.6.RELEASE
CVE-2014-0228,https://github.com/apache/hive/commit/9ef3522f632a0abb5465eca849188776c1b4db13,org.apache.hive:hive-exec:0.10.0
CVE-2014-0228,https://github.com/apache/hive/commit/c3d7083b7605d1753946c4c4411e3a3241ea7ffe,org.apache.hive:hive-exec:0.10.0
CVE-2021-36090,https://github.com/apache/commons-compress/commit/80124dd9fe4b0a0b2e203ca19aacac8cd0afc96f,org.apache.commons:commons-compress:1.18
CVE-2021-21346,https://github.com/x-stream/xstream/commit/d5e51177634afea7213b9dc2d21f101d2e258db9,com.thoughtworks.xstream:xstream:1.4.11.1
CVE-2016-3720,https://github.com/FasterXML/jackson-dataformat-xml/commit/f0f19a4c924d9db9a1e2830434061c8640092cc0,com.fasterxml.jackson.dataformat:jackson-dataformat-xml:2.4.4
CVE-2018-18928,https://github.com/unicode-org/icu/commit/6cbd62e59e30f73b444be89ea71fd74275ac53a4,com.ibm.icu:icu4j:62.1
CVE-2021-30179,https://github.com/apache/dubbo/commit/eed216b14e8c8e980e98a78ce495806a32df2b97,org.apache.dubbo:dubbo:2.7.3
CVE-2017-7957,https://github.com/x-stream/xstream/commit/b3570be2f39234e61f99f9a20640756ea71b1b4,com.thoughtworks.xstream:xstream:1.3.1
CVE-2017-7957,https://github.com/x-stream/xstream/commit/6e546ec366419158b1e393211be6d78ab9604ab,com.thoughtworks.xstream:xstream:1.3.1
CVE-2017-7957,https://github.com/x-stream/xstream/commit/8542d02d9ac5d384c85f4b33d6c1888c53bd55d,com.thoughtworks.xstream:xstream:1.3.1
CVE-2019-13235,https://github.com/alkacon/opencms-core/commit/185e71cc9844c90c0c29b730bd92b0375f1eca21,org.opencms:opencms-core:8.5.0
CVE-2016-6806,https://github.com/apache/wicket/commit/5c345567c75b3cc1f7e4cce6dcf3e692870b4823,org.apache.wicket:wicket-core:7.0.0
CVE-2017-3523,https://github.com/mysql/mysql-connector-j/commit/6189e718de5b6c6115aee45dd7a480081c129d68,mysql:mysql-connector-java:5.1.38
CVE-2021-39149,https://github.com/x-stream/xstream/commit/652d72f38b33938c54fd3b2ef626cb7dce38001c,com.thoughtworks.xstream:xstream:1.4.11.1
CVE-2017-15691,https://github.com/apache/uima-uimaj/commit/39909bf21fd694f4fb792d1de8adc72562ead25e,org.apache.uima:uimaj-core:2.6.0
CVE-2018-8008,https://github.com/apache/storm/commit/0fc6b522487c061f89e8cdacf09f722d3f20589,org.apache.storm:storm-core:1.2.1
CVE-2018-8012,https://github.com/apache/nifi/commit/282c271,org.apache.zookeeper:zookeeper:3.4.6
CVE-2018-8012,https://github.com/apache/zookeeper/commit/8a06bd1ccef382461c7b0a63f2012f4aeac90753,org.apache.zookeeper:zookeeper:3.4.6
CVE-2021-38153,https://github.com/apache/kafka/commit/3325342fecba56c2f5b28d60ca37605a7ebf420a,org.apache.kafka:kafka-clients:2.8.0
CVE-2016-3093,https://github.com/jkuhnert/ognl/commit/ae43073fbf38db8371ff4f8bf2a966ee3b5f7e92,ognl:ognl:2.6.9
CVE-2016-9878,https://github.com/spring-projects/spring-framework/commit/e2d6e709c3c65a4951eb096843ee75d5200cfcad,org.springframework:spring-webmvc:3.0.5.RELEASE
CVE-2021-39153,https://github.com/x-stream/xstream/commit/652d72f38b33938c54fd3b2ef626cb7dce38001c,com.thoughtworks.xstream:xstream:1.4.11.1
CVE-2017-9803,https://github.com/apache/lucene-solr/commit/4704efb1f92588ad106a39dea5f20bf8e80b133b,org.apache.solr:solr-core:6.3.0
CVE-2017-9803,https://github.com/apache/lucene-solr/commit/b091934f9e98568b848d0584a1145c8e514cbd21,org.apache.solr:solr-core:6.3.0
CVE-2021-22112,https://github.com/spring-projects/spring-security/commit/c72a6fac04853912a4b7caad5f0500f2aace5a79,org.springframework.security:spring-security-web:5.4.2
CVE-2017-3166,https://github.com/apache/hadoop/commit/a47d8283b136aab5b9fa4c18e6f51fa799d91a29,org.apache.hadoop:hadoop-mapreduce-client-core:2.3.0
CVE-2017-5643,https://github.com/apache/camel/commit/ec3d0db81ba061b27e934d5ff56e9baca0049eb,org.apache.camel:camel-core:2.18.0
CVE-2017-5643,https://github.com/apache/camel/commit/8afc5d1757795fde715902067360af5d90f046d,org.apache.camel:camel-core:2.18.0
CVE-2016-1000345,https://github.com/bcgit/bc-java/commit/21dcb3d9744c83dcf2ff8fcee06dbca7bfa4ef35,org.bouncycastle:bcprov-jdk15on:1.54
CVE-2017-5644,https://github.com/apache/poi/commit/3a328aa220f6979f9805f658ae33244d153beaa7,org.apache.poi:poi-ooxml:3.14
CVE-2016-6346,https://github.com/resteasy/Resteasy/commit/2c2daab6f63ef9c9fb08251daf4a62e8aadc94e1,org.jboss.resteasy:resteasy-jaxrs:3.0.19.Final
CVE-2018-1294,https://github.com/apache/commons-email/commit/0a944fe3703fb754c7122a7de98396811781da24,org.apache.commons:commons-email:1.4
CVE-2017-8028,https://github.com/spring-projects/spring-ldap/commit/08e8ae289bbd1b581986c7238604a147119c1336,org.springframework.ldap:spring-ldap-core:1.3.1.RELEASE
CVE-2016-9879,https://github.com/spring-projects/spring-security/commit/666e356ebc479194ba51e43bb99fc42f849b6175,org.springframework.security:spring-security-web:4.0.4.RELEASE
CVE-2016-9879,https://github.com/spring-projects/spring-security/commit/ed2ae21074b7850d386371b2ab9e29268ef2f0c0,org.springframework.security:spring-security-web:4.0.4.RELEASE
CVE-2016-6802,https://github.com/apache/shiro/commit/b15ab927709ca18ea4a02538be01919a19ab65af,org.apache.shiro:shiro-web:1.2.3
CVE-2020-1745,https://github.com/undertow-io/undertow/commit/e60e04f4e9bab49f406c8c57770c4a1bbbc37067,io.undertow:undertow-core:2.2.14.Final
CVE-2020-11995,https://github.com/apache/dubbo/commit/d2e9baf380108950c48e0ab700ccdbf11dd753ab,org.apache.dubbo:dubbo:2.7.3
CVE-2020-1695,https://github.com/resteasy/Resteasy/commit/f3e354b72ae7fead9ceaabe172999293bd931822,org.jboss.resteasy:resteasy-jaxrs:3.0.19.Final
CVE-2021-28168,https://github.com/eclipse-ee4j/jersey/commit/f3cadb38dcc5b20e515706fae68dce533ad6c737,org.glassfish.jersey.core:jersey-common:2.31
CVE-2016-4437,https://github.com/apache/shiro/commit/64d9f8341e1aa7ef1a29744e16ea7c578ca5deee,org.apache.shiro:shiro-core:1.2.3
CVE-2016-4437,https://github.com/apache/shiro/commit/4d5bb000a7f3c02d8960b32e694a565c95976848,org.apache.shiro:shiro-core:1.2.3
CVE-2018-1002200,https://github.com/codehaus-plexus/plexus-archiver/commit/f8f4233508193b70df33759ae9dc6154d69c2ea8,org.codehaus.plexus:plexus-archiver:3.5
CVE-2011-2894,https://github.com/spring-projects/spring-framework/commit/070a723ef2c886770a063eb9a67f84f74e06edfb,org.springframework:spring-core:3.0.5.RELEASE
CVE-2020-5408,https://github.com/spring-projects/spring-security/commit/3c81e122bdfcd0803fb6331a8625624cae249231,org.springframework.security:spring-security-core:4.2.3.RELEASE
CVE-2016-4993,https://github.com/undertow-io/undertow/commit/5d017ce12d075679822104e8a8a3b1ad98abad86,io.undertow:undertow-core:1.3.15.Final
CVE-2020-28052,https://github.com/bcgit/bc-java/commit/97578f9b7ed277e6ecb58834e85e3d18385a4219,org.bouncycastle:bcprov-jdk15on:1.66
CVE-2013-2186,https://github.com/apache/commons-fileupload/commit/163a6061fbc077d4b6e4787d26857c2baba495d1,commons-fileupload:commons-fileupload:1.2.1
CVE-2013-2186,https://github.com/apache/commons-fileupload/commit/7ddc7a176eadf22ab7ee1881a80b768e4b193727,commons-fileupload:commons-fileupload:1.2.1
CVE-2014-6439,https://github.com/elastic/elasticsearch/commit/f9de8b65898509e038e33215db0720b508477a12,org.elasticsearch:elasticsearch:1.3.2
CVE-2019-10094,https://github.com/apache/tika/commit/c4e63c9be8665cccea8b680c59a6f5cfbc03e0fc,org.apache.tika:tika-core:1.18
CVE-2019-10094,https://github.com/apache/tika/commit/1158d893dc952c573f7a12c7e4855cdce479fc2a,org.apache.tika:tika-core:1.18
CVE-2019-10094,https://github.com/apache/tika/commit/22ff7564f2641ba195f192d7c59e9df4a3a10747,org.apache.tika:tika-core:1.18
CVE-2019-10094,https://github.com/apache/tika/commit/b8655aad5efaef1c5d266676350f58743770fb5b,org.apache.tika:tika-core:1.18
CVE-2019-10094,https://github.com/apache/tika/commit/426be73b9e7500fa3d441231fa4e473de34743f6,org.apache.tika:tika-core:1.18
CVE-2018-14642,https://github.com/undertow-io/undertow/commit/dc22648efe16968242df5d793e3418afafcb36c0,io.undertow:undertow-core:2.0.11.Final
CVE-2018-14642,https://github.com/undertow-io/undertow/commit/c46b7b49c5a561731c84a76ee52244369af1af8a,io.undertow:undertow-core:2.0.11.Final
CVE-2011-3190,https://github.com/apache/tomcat/commit/a2538ce78f83b7376c48d12d8247600079d789b1,org.apache.tomcat:tomcat-coyote:7.0.5
CVE-2011-3190,https://github.com/apache/tomcat70/commit/90ec9675fa080e22df5f9e3e7019a19eb2faec14,org.apache.tomcat:tomcat-coyote:7.0.5
CVE-2010-1157,https://github.com/apache/tomcat/commit/a4de93b2aaf74fff7c1e194f7ce3d2228a9680b8,org.apache.tomcat:catalina:6.0.18
CVE-2010-1157,https://github.com/apache/tomcat/commit/db32c25e06e1b0a5a274cad4cfc1ad35ff7c0e9a,org.apache.tomcat:catalina:6.0.18
CVE-2020-10688,https://github.com/resteasy/Resteasy/commit/caef05ade16fd12c581cbc7177c191b87591757c,org.jboss.resteasy:resteasy-jaxrs:3.0.19.Final
CVE-2019-0231,https://github.com/apache/mina/commit/294b8ce638df6e237e819537b333e02853bb612c,org.apache.mina:mina-core:2.0.7
CVE-2018-1114,https://github.com/undertow-io/undertow/commit/7f22aa0090296eb00280f878e3731bb71d40f9e,io.undertow:undertow-core:1.4.20.Final
CVE-2018-1114,https://github.com/undertow-io/undertow/commit/882d5884f2614944a0c2ae69bafd9d13bfc5b64,io.undertow:undertow-core:1.4.20.Final
CVE-2021-27807,https://github.com/apache/pdfbox/commit/c978d742bd64137aacdba346f3afe7238a5ac9a7,org.apache.pdfbox:pdfbox:2.0.12
CVE-2019-5427,https://github.com/swaldman/c3p0/commit/f38f27635c384806c2a9d6500d80183d9f09d78b,com.mchange:c3p0:0.9.5.2
CVE-2020-5398,https://github.com/spring-projects/spring-framework/commit/0583b334b46cf2a591c72c2708ee3d2ac5d2b58c,org.springframework:spring-web:5.0.8.RELEASE
CVE-2020-5529,https://github.com/HtmlUnit/htmlunit/commit/934390fefcd2cd58e6d86f2bc19d811ae17bfa28,net.sourceforge.htmlunit:htmlunit:2.15
CVE-2016-4000,https://github.com/jythontools/jython/commit/4c337213bd2964bb36cef2d31509b49647ca6f2a,org.python:jython-standalone:2.7.0
CVE-2015-0263,https://github.com/apache/camel/commit/7d19340bcdb42f7aae584d9c5003ac4f7ddaee36,org.apache.camel:camel-core:2.14.0
CVE-2021-39152,https://github.com/x-stream/xstream/commit/652d72f38b33938c54fd3b2ef626cb7dce38001c,com.thoughtworks.xstream:xstream:1.4.11.1
CVE-2017-1000487,https://github.com/codehaus-plexus/plexus-utils/commit/b38a1b3a4352303e4312b2bb601a0d7ec6e28f41,org.codehaus.plexus:plexus-utils:3.0.8
CVE-2019-10241,https://github.com/eclipse/jetty.project/commit/ca77bd384a2970cabbbdab25cf6251c6fb76cd21,org.eclipse.jetty:jetty-util:9.2.14.v20151106
CVE-2016-6345,https://github.com/resteasy/Resteasy/commit/52195b4afe2be1ff5addcdab487cf44365ebde6a,org.jboss.resteasy:resteasy-jaxrs:3.0.19.Final
CVE-2020-1950,https://github.com/apache/tika/commit/750d7790c7d8ba766f2794fac79521d5870eadfb,org.apache.tika:tika-parsers:1.20
CVE-2020-1926,https://github.com/apache/hive/commit/ee5a6be81a87bb21b3779edad6e61b67b365997b,org.apache.hive:hive-service:2.3.1
CVE-2020-1953,https://github.com/apache/commons-configuration/commit/add7375cf37fd316d4838c6c56b054fc293b4641,org.apache.commons:commons-configuration2:2.2
CVE-2020-26945,https://github.com/mybatis/mybatis-3/commit/9caf480e05c389548c9889362c2cb080d728b5d8,org.mybatis:mybatis:3.4.6
CVE-2018-11761,https://github.com/apache/tika/commit/bd9d75d8b0a85af2937047bfad04288c3044b2a6,org.apache.tika:tika-core:1.18
CVE-2018-11761,https://github.com/apache/tika/commit/148adec1016acc122fa5e972f75d7029376998d9,org.apache.tika:tika-core:1.18
CVE-2018-11761,https://github.com/apache/tika/commit/4e67928412ad56333d400f3728ecdb59d07d9d63,org.apache.tika:tika-core:1.18
CVE-2014-7808,https://github.com/apache/wicket/commit/d2b8848346b8f806e747dca18799d70c37fc893f,org.apache.wicket:wicket-core:1.5.8
CVE-2017-5662,https://github.com/apache/batik/commit/6ab669f073c23a443d78a7a08aea2fd4de10da8c,org.apache.xmlgraphics:batik-dom:1.7
CVE-2017-5662,https://github.com/apache/batik/commit/998cabf7af08852e8305f60b5e4c0b6721c47667,org.apache.xmlgraphics:batik-dom:1.7
CVE-2020-13920,https://github.com/apache/activemq/commit/5263883d37ee9df336776f8f906aebfb13189ece,org.apache.activemq:activemq-broker:5.15.11
CVE-2021-39140,https://github.com/x-stream/xstream/commit/652d72f38b33938c54fd3b2ef626cb7dce38001c,com.thoughtworks.xstream:xstream:1.4.11.1
CVE-2014-0225,https://github.com/spring-projects/spring-framework/commit/c6503ebbf7c9e21ff022c58706dbac5417b2b5eb,org.springframework:spring-oxm:3.0.5.RELEASE
CVE-2017-2670,https://github.com/undertow-io/undertow/commit/3ad7537d0bfeed5950afda0428ea704e5f00d815,io.undertow:undertow-core:2.2.14.Final
CVE-2017-2670,https://github.com/undertow-io/undertow/commit/9bfe9fbbb595d51157b61693f072895f7dbadd1d,io.undertow:undertow-core:2.2.14.Final
CVE-2019-11777,https://github.com/eclipse/paho.mqtt.java/commit/a0bbf1e7da158ae191582f032343c6171e6a0b44,org.eclipse.paho:org.eclipse.paho.client.mqttv3:1.2.0
CVE-2012-2098,https://github.com/apache/commons-compress/commit/8f702469cbf4c451b6dea349290bc4af0f6f76c7,org.apache.commons:commons-compress:1.5
CVE-2017-12165,https://github.com/undertow-io/undertow/commit/691440ee58259fba76711b60d56dde6679808bdc,io.undertow:undertow-core:1.3.15.Final
CVE-2016-3674,https://github.com/x-stream/xstream/commit/696ec886a23dae880cf12e34e1fe09c5df8fe94,com.thoughtworks.xstream:xstream:1.3.1
CVE-2016-3674,https://github.com/x-stream/xstream/commit/5b5cd6d8137f645c5d57b648afb1a305967aa7f,com.thoughtworks.xstream:xstream:1.3.1
CVE-2016-3674,https://github.com/x-stream/xstream/commit/e4f1457e681e015be83c6b0b84947676980e29d,com.thoughtworks.xstream:xstream:1.3.1
CVE-2016-3674,https://github.com/x-stream/xstream/commit/25c6704bea149ee93c294ae5b6e0aecd182fea88,com.thoughtworks.xstream:xstream:1.3.1
CVE-2016-3674,https://github.com/x-stream/xstream/commit/87172cfc1dd7f8f6e137963c778b03efd14ac446,com.thoughtworks.xstream:xstream:1.3.1
CVE-2016-3674,https://github.com/x-stream/xstream/commit/806949e1b3c22a3b31819a37402489a0303221a,com.thoughtworks.xstream:xstream:1.3.1
CVE-2016-3674,https://github.com/x-stream/xstream/commit/7c77ac0397a1f93c69d2776a13c31957f55d1647,com.thoughtworks.xstream:xstream:1.3.1
CVE-2016-3674,https://github.com/x-stream/xstream/commit/c9b121a88664988ccbabd83fa27bfc2a5e0bd139,com.thoughtworks.xstream:xstream:1.3.1
CVE-2021-29943,https://github.com/apache/solr/commit/def7f47a4d2389ce8362ce7215095c5e43afe5c0,org.apache.solr:solr-core:7.4.0
CVE-2015-7940,https://github.com/bcgit/bc-java/commit/5cb2f0578e6ec8f0d67e59d05d8c4704d8e05f83,org.bouncycastle:bcprov-jdk15on:1.50
CVE-2015-7940,https://github.com/bcgit/bc-java/commit/e25e94a046a6934819133886439984e2fecb2b04,org.bouncycastle:bcprov-jdk15on:1.50
CVE-2013-4366,https://github.com/apache/httpcomponents-client/commit/08140864e3e4c0994e094c4cf0507932baf6a66,org.apache.httpcomponents:httpclient:4.3
CVE-2019-10088,https://github.com/apache/tika/commit/b8655aad5efaef1c5d266676350f58743770fb5b,org.apache.tika:tika-core:1.18
CVE-2019-10088,https://github.com/apache/tika/commit/c4e63c9be8665cccea8b680c59a6f5cfbc03e0fc,org.apache.tika:tika-core:1.18
CVE-2019-10088,https://github.com/apache/tika/commit/81c21ab0aac6b3e4102a1a8906c8c7eab6f96dae,org.apache.tika:tika-core:1.18
CVE-2015-5262,https://github.com/apache/httpcomponents-client/commit/09027e7286974bf6b61f4106395da2623121db8d,org.apache.httpcomponents:httpclient:4.3.5
CVE-2015-5262,https://github.com/apache/httpcomponents-client/commit/d954cd287dfcdad8f153e61181e20d253175ca8c,org.apache.httpcomponents:httpclient:4.3.5
CVE-2015-5262,https://github.com/apache/httpcomponents-client/commit/6705924879810f617a7a21d34f16b6c0d61e8d34,org.apache.httpcomponents:httpclient:4.3.5
CVE-2015-0886,https://github.com/jeremyh/jBCrypt/commit/e015c2c110ab7cf544400893f3543b45f359ff58,org.mindrot:jbcrypt:0.3m
CVE-2015-0886,https://github.com/djmdjm/jBCrypt/commit/0c28b698e79b132391be8333107040d774c79995,org.mindrot:jbcrypt:0.3m
CVE-2016-1000352,https://github.com/bcgit/bc-java/commit/9385b0ebd277724b167fe1d1456e3c112112be1f,org.bouncycastle:bcprov-jdk15on:1.54
CVE-2016-1000342,https://github.com/bcgit/bc-java/commit/843c2e60f67d71faf81d236f448ebbe56c62c647,org.bouncycastle:bcprov-jdk15on:1.54
CVE-2012-0047,https://github.com/apache/wicket/commit/2faab951738702b0251ed41e5b137bd5a9fc127d,org.apache.wicket:wicket:1.4.17
CVE-2020-11612,https://github.com/netty/netty/commit/1543218d3e7afcb33a90b728b14370395a3deca0,io.netty:netty-codec:4.1.5.Final
CVE-2020-5397,https://github.com/spring-projects/spring-framework/commit/bc7d01048579430b4b2df668178809b63d3f1929,org.springframework:spring-web:5.2.2.RELEASE
CVE-2019-12402,https://github.com/apache/commons-compress/commit/4ad5d80a6272e007f64a6ac66829ca189a8093b9,org.apache.commons:commons-compress:1.18
CVE-2018-8009,https://github.com/apache/hadoop/commit/1373e3d8ad60e4da721a292912cb69243bfdf47,org.apache.hadoop:hadoop-common:2.7.2
CVE-2018-8009,https://github.com/apache/hadoop/commit/bd98d4e77cf9f7b2f4b1afb4d5e5bad0f6b2fde,org.apache.hadoop:hadoop-common:2.7.2
CVE-2018-8017,https://github.com/apache/tika/commit/8a6a9e1344f5b10ebfa1a189dc3c30d0da2b9d4,org.apache.tika:tika-parsers:1.3
CVE-2018-8017,https://github.com/apache/tika/commit/62926cae31a02d4f23d21148435804b96c543cc,org.apache.tika:tika-parsers:1.3
CVE-2021-39151,https://github.com/x-stream/xstream/commit/652d72f38b33938c54fd3b2ef626cb7dce38001c,com.thoughtworks.xstream:xstream:1.4.11.1
CVE-2021-43859,https://github.com/x-stream/xstream/commit/e8e88621ba1c85ac3b8620337dd672e0c0c3a846,com.thoughtworks.xstream:xstream:1.3.1
CVE-2021-28164,https://github.com/eclipse/jetty.project/commit/e412c8a15b3334b30193f40412c0fbc47e478e83,org.eclipse.jetty:jetty-server:9.4.38.v20210224
CVE-2017-17485,https://github.com/FasterXML/jackson-databind/commit/f031f27a31625d07922bdd090664c69544200a5d,com.fasterxml.jackson.core:jackson-databind:2.9.0
CVE-2017-17485,https://github.com/FasterXML/jackson-databind/commit/bb45fb16709018842f858f1a6e1118676aaa34bd,com.fasterxml.jackson.core:jackson-databind:2.9.0
CVE-2017-17485,https://github.com/FasterXML/jackson-databind/commit/978798382ceb72229e5036aa1442943933d6d171,com.fasterxml.jackson.core:jackson-databind:2.9.0
CVE-2017-17485,https://github.com/FasterXML/jackson-databind/commit/2235894210c75f624a3d0cd60bfb0434a20a18bf,com.fasterxml.jackson.core:jackson-databind:2.9.0
CVE-2014-0054,https://github.com/spring-projects/spring-framework/commit/edba32b3093703d5e9ed42b5b8ec23ecc1998398,org.springframework:spring-oxm:3.0.5.RELEASE
CVE-2016-9589,https://github.com/undertow-io/undertow/commit/86d52a5e9198991fe30a3616d9008cecc696fc0b,io.undertow:undertow-core:1.4.4.Final
CVE-2015-4165,https://github.com/elastic/elasticsearch/commit/f5cfb2a1869d1a52930cbd3138278a6e2c1b22e6,org.elasticsearch:elasticsearch:1.5.2
CVE-2018-1000850,https://github.com/square/retrofit/commit/b9a7f6ad72073ddd40254c0058710e87a073047d,com.squareup.retrofit2:retrofit:2.3.0
CVE-2021-21351,https://github.com/x-stream/xstream/commit/15f2cd3364795eab785166f6f36f9a91e951373f,com.thoughtworks.xstream:xstream:1.4.11.1
CVE-2014-3574,https://github.com/apache/poi/commit/103b45073c7b504236588b3acc146530205af53c,org.apache.poi:poi-ooxml:3.9
CVE-2014-3574,https://github.com/apache/poi/commit/bb7a24769a97732e760a0d70e76466424bfc4d8e,org.apache.poi:poi-ooxml:3.9
CVE-2014-3574,https://github.com/apache/poi/commit/b350d5c5edbf2fa4312ab0f46194a733194ddf55,org.apache.poi:poi-ooxml:3.9
CVE-2014-3574,https://github.com/apache/poi/commit/07771c3d8c7204c14a7a597b4db04a7e828a956f,org.apache.poi:poi-ooxml:3.9
CVE-2014-3574,https://github.com/apache/poi/commit/236c3c52a9b90688b2e57ec503559409e29f33ed,org.apache.poi:poi-ooxml:3.9
CVE-2013-2055,https://github.com/apache/wicket/commit/b8a31c41d9dd13ff6492407b86f601da654c0cd7,org.apache.wicket:wicket-core:6.7.0
CVE-2021-21295,https://github.com/netty/netty/commit/89c241e3b1795ff257af4ad6eadc616cb2fb3dc4,io.netty:netty-codec-http2:4.1.52.Final
CVE-2015-2944,https://github.com/apache/sling/commit/89e0555c75da9bda3007dadc08521dc0cbc90a0c,org.apache.sling:org.apache.sling.api:2.1.0
CVE-2014-9527,https://github.com/apache/poi/commit/21d2bc3cffeefab6c41627da469fce35ed7760e6,org.apache.poi:poi-scratchpad:3.9
CVE-2011-0534,https://github.com/apache/tomcat/commit/0084470,org.apache.tomcat:tomcat-coyote:7.0.5
CVE-2011-0534,https://github.com/apache/tomcat/commit/51640d60c705e57450a105832d91ff4535a96851,org.apache.tomcat:tomcat-coyote:7.0.5
CVE-2018-8026,https://github.com/apache/lucene-solr/commit/3aa6086ed99fa7158d423dc7c33dae6da466b09,org.apache.solr:solr-core:7.2.1
CVE-2018-8026,https://github.com/apache/lucene-solr/commit/e21d4937e0637c7b7949ac463f331da9a42c07f,org.apache.solr:solr-core:7.2.1
CVE-2020-13936,https://github.com/apache/velocity-engine/commit/f355cec739d4e705e541a149ff2d8806ed565401,org.apache.velocity:velocity-engine-core:2.0
CVE-2019-11272,https://github.com/spring-projects/spring-security/commit/b2d4fec3617c497c5a8eb9c7e5270e0c7db293ee,org.springframework.security:spring-security-core:4.2.3.RELEASE
CVE-2019-11272,https://github.com/spring-projects/spring-security/commit/12dbf2e9612cddd775904952d01bfc044fb1d1bb,org.springframework.security:spring-security-core:4.2.3.RELEASE
CVE-2015-5377,https://github.com/elastic/elasticsearch/commit/bf3052d14c874aead7da8855c5fcadf5428a43f2,org.elasticsearch:elasticsearch:1.5.2
CVE-2013-7315,https://github.com/frankneusource/spring-framework/commit/7576274874deeccb6da6b09a8d5bd62e8b5538b7,org.springframework:spring-web:4.0.0.RELEASE
CVE-2020-2933,https://github.com/mysql/mysql-connector-j/commit/e824d25875e2fdfdacf8a09e8d829df00a3db8e7,mysql:mysql-connector-java:5.1.38
CVE-2020-13933,https://github.com/apache/shiro/commit/83d8dacd273c8f6d70e6b1aa4f240d4f7a408c27,org.apache.shiro:shiro-web:1.3.2
CVE-2017-14063,https://github.com/AsyncHttpClient/async-http-client/commit/e9f12b29725c567cdb4de98b3302a61ca9d41280,org.asynchttpclient:async-http-client:2.0.24
CVE-2017-14063,https://github.com/AsyncHttpClient/async-http-client/commit/eb9e3347e45319be494db24d285a2aee4396f5d3,org.asynchttpclient:async-http-client:2.0.24
CVE-2018-1335,https://github.com/apache/tika/commit/302f22aff7a836868b270038e1d66002a2004869,org.apache.tika:tika-core:1.17
CVE-2016-1000031,https://github.com/apache/commons-fileupload/commit/02f6b2c4ef9aebf9cf8e55de8b90e73430b69385,commons-fileupload:commons-fileupload:1.3.1
CVE-2016-1000031,https://github.com/apache/commons-fileupload/commit/388e824518697c2c8f9f83fd964621d9c2f8fc4c,commons-fileupload:commons-fileupload:1.3.1
CVE-2021-31684,https://github.com/netplex/json-smart-v2/commit/21dad441f96863d41ad53a28c48478b9ef2ce1a7,net.minidev:json-smart:2.3
CVE-2021-22118,https://github.com/spring-projects/spring-framework/commit/cce60c479c22101f24b2b4abebb6d79440b120d1,org.springframework:spring-web:5.3.6
CVE-2018-8039,https://github.com/apache/cxf/commit/fae6fabf9bd7647f5e9cb68897a7d72b545b741,org.apache.cxf:cxf-rt-transports-http:3.0.5
CVE-2018-8039,https://github.com/apache/cxf/commit/8ed6208f987ff72e4c4d2cf8a6b1ec9b27575d4,org.apache.cxf:cxf-rt-transports-http:3.0.5
CVE-2014-3625,https://github.com/spring-projects/spring-framework/commit/9cef8e3001ddd61c734281a7556efd84b6cc2755,org.springframework:spring-webmvc:4.1.1.RELEASE
CVE-2018-11797,https://github.com/apache/pdfbox/commit/a6deb9d7ffec79986cac82345db724b343ca3e5,org.apache.pdfbox:pdfbox:2.0.8
CVE-2018-11797,https://github.com/apache/pdfbox/commit/f7dc8eed7df007c88421919932e2d4de44d2ae2,org.apache.pdfbox:pdfbox:2.0.8
CVE-2018-11797,https://github.com/apache/pdfbox/commit/ea7d321b6e23cf017437846bcee4de19784cf6c8,org.apache.pdfbox:pdfbox:2.0.8
CVE-2018-11797,https://github.com/apache/pdfbox/commit/bb5defd088bebd566d126df079d35b356ba0534a,org.apache.pdfbox:pdfbox:2.0.8
CVE-2018-11797,https://github.com/apache/pdfbox/commit/2db39c139d935a8ba03e1ae3c012d2d41dd6912a,org.apache.pdfbox:pdfbox:2.0.8
CVE-2020-5421,https://github.com/spring-projects/spring-framework/commit/dd011c991ce801660ec2be7979f3fc6462f29289,org.springframework:spring-web:4.3.18.RELEASE
CVE-2016-2402,https://github.com/square/okhttp/commit/784fabac7d1586a5614bd4bc8854fd62850dbe26,com.squareup.okhttp3:okhttp:3.0.1
CVE-2016-2402,https://github.com/square/okhttp/commit/3ccb46dd16b6ec98f70b0ee53eafe5ed6380891e,com.squareup.okhttp3:okhttp:3.0.1
CVE-2021-39141,https://github.com/x-stream/xstream/commit/652d72f38b33938c54fd3b2ef626cb7dce38001c,com.thoughtworks.xstream:xstream:1.4.11.1
CVE-2011-2731,https://github.com/spring-projects/spring-security/commit/76dc21469e8ef207f122ecc7e191e0133a2600af,org.springframework.security:spring-security-core:2.0.4
CVE-2018-12418,https://github.com/junrar/junrar/commit/ad8d0ba8e155630da8a1215cee3f253e0af45817,com.github.junrar:junrar:0.7
CVE-2019-13236,https://github.com/alkacon/opencms-core/commit/185e71cc9844c90c0c29b730bd92b0375f1eca21,org.opencms:opencms-core:8.5.0
CVE-2018-12540,https://github.com/vert-x3/vertx-web/commit/f42b193b15a29b772fc576b2d0f2497e7474a7e,io.vertx:vertx-web:3.5.1
CVE-2018-12540,https://github.com/vert-x3/vertx-web/commit/98891b1d9e022b467a3e4674aca4d1889849b1d,io.vertx:vertx-web:3.5.1
CVE-2014-1972,https://github.com/apache/tapestry-5/commit/95846b173d83c2eb42db75dae3e7d5e13a633946,org.apache.tapestry:tapestry-core:5.1.0.5
CVE-2019-10173,https://github.com/x-stream/xstream/commit/f38a1da3ae9491930c2067c12cd2506738b21dab,com.thoughtworks.xstream:xstream:1.4.10
CVE-2020-28491,https://github.com/FasterXML/jackson-dataformats-binary/commit/de072d314af8f5f269c8abec6930652af67bc8e6,com.fasterxml.jackson.dataformat:jackson-dataformat-cbor:2.9.9
CVE-2022-0839,https://github.com/liquibase/liquibase/commit/d60de3f18acba5423b60d09ee40df44103a07295,org.liquibase:liquibase-core:4.3.5
CVE-2022-23221,https://github.com/h2database/h2database/commit/2b55a66bac49fb3be540e322f27dfbd550f06b9c,com.h2database:h2:2.0.206
CVE-2017-3586,https://github.com/mysql/mysql-connector-j/commit/aeba57264966b0fd329cdb8170ba772fd8fd4de2,mysql:mysql-connector-java:5.1.38
CVE-2014-3643,https://github.com/jersey/jersey-1.x/commit/49f1e5a6ac608ccb51939205e4739f328f2223e6,com.sun.jersey:jersey-core:1.12
CVE-2018-12537,https://github.com/eclipse/vert.x/commit/1bb6445226c39a95e7d07ce3caaf56828e8aab72,io.vertx:vertx-core:3.3.3
CVE-2018-12537,https://github.com/eclipse-vertx/vert.x/commit/3a6512695a9d610687081eb13d2a1681151fd7fb,io.vertx:vertx-core:3.3.3
CVE-2018-1067,https://github.com/undertow-io/undertow/commit/f404cb68448c188f4d51b085b7fe4ac32bde26e,io.undertow:undertow-core:1.4.20.Final
CVE-2018-1067,https://github.com/undertow-io/undertow/commit/85d4478e598105fe94ac152d3e11e388374e8b8,io.undertow:undertow-core:1.4.20.Final
CVE-2016-1000346,https://github.com/bcgit/bc-java/commit/1127131c89021612c6eefa26dbe5714c194e7495,org.bouncycastle:bcprov-jdk15on:1.54
CVE-2018-12542,https://github.com/vert-x3/vertx-web/commit/57a65dce6f4c5aa5e3ce7288685e7f3447eb8f3b,io.vertx:vertx-web:3.5.1
CVE-2009-1523,https://github.com/jetty-project/codehaus-jetty6/commit/038ce0f5c29a60263e23aec544ecec516c043f98,org.mortbay.jetty:jetty-util:6.1.14
CVE-2017-12645,https://github.com/liferay/liferay-portal/commit/f30571c3502551945ba7497e8d80e8b2295f1026,com.liferay.portal:com.liferay.portal.impl:2.4.0
CVE-2012-6153,https://github.com/apache/httpclient/commit/8e0c2aca056c605a80116fa73a10a6e103f567b3,org.apache.httpcomponents:httpclient:4.1.2
CVE-2012-6153,https://github.com/apache/httpcomponents-client/commit/6e14fc146a66e0f3eb362f45f95d1a58ee18886a,org.apache.httpcomponents:httpclient:4.1.2
CVE-2018-1314,https://github.com/apache/hive/commit/3b1d4fdfdfecbf162b60ec0e49a07595a8a51e79,org.apache.hive:hive-exec:2.1.0
CVE-2021-21409,https://github.com/netty/netty/commit/b0fa4d5aab4215f3c22ce6123dd8dd5f38dc0432,io.netty:netty-codec-http2:4.1.52.Final
CVE-2015-5347,https://github.com/apache/wicket/commit/dffba2ce410ec7e917ad350d3528af4df67bc348,org.apache.wicket:wicket-extensions:1.4.17
CVE-2017-3164,https://github.com/apache/solr/commit/8b54b20,org.apache.solr:solr-core:7.4.0
CVE-2015-0899,https://github.com/kawasima/struts1-forever/commit/212bb0f7c57617b7b9c44cb1e056bd1e597c8e16,struts:struts:1.2.9
CVE-2017-5637,https://github.com/apache/zookeeper/commit/835377f0e1cd215e791ed29c0bcff95e625f299c,org.apache.zookeeper:zookeeper:3.4.6
CVE-2017-5637,https://github.com/apache/zookeeper/commit/0c49dd931c0d3c992975515d9f85ffc7fb68e551,org.apache.zookeeper:zookeeper:3.4.6
CVE-2017-5637,https://github.com/apache/zookeeper/commit/5fe68506f217246c7ebd96803f9c78e13ec2f11a,org.apache.zookeeper:zookeeper:3.4.6
CVE-2022-21724,https://github.com/pgjdbc/pgjdbc/commit/f4d0ed69c0b3aae8531d83d6af4c57f22312c813,org.postgresql:postgresql:42.2.5
CVE-2017-2666,https://github.com/undertow-io/undertow/commit/691440ee58259fba76711b60d56dde6679808bdc,io.undertow:undertow-core:1.3.15.Final
CVE-2019-10093,https://github.com/apache/tika/commit/81c21ab0aac6b3e4102a1a8906c8c7eab6f96dae,org.apache.tika:tika-parsers:1.20
CVE-2018-15756,https://github.com/spring-projects/spring-framework/commit/c8e320019ffe7298fc4cbeeb194b2bfd6389b6d,org.springframework:spring-web:5.0.8.RELEASE
CVE-2013-7285,https://github.com/x-stream/xstream/commit/6344867dce6767af7d0fe34fb393271a6456672d,com.thoughtworks.xstream:xstream:1.4.10
CVE-2017-7559,https://github.com/undertow-io/undertow/commit/cb1d94dd90615c1d47ab342f8c22a57222a79d3d,io.undertow:undertow-core:1.3.15.Final
CVE-2019-17359,https://github.com/bcgit/bc-java/commit/b1bc75254f5fea633a49a751a1a7339056f97856,org.bouncycastle:bcprov-jdk15on:1.63
CVE-2019-17359,https://github.com/bcgit/bc-java/commit/33a8e4aa07b21a8bcf5a582446664485f5f081b2,org.bouncycastle:bcprov-jdk15on:1.63
CVE-2018-11802,https://github.com/apache/lucene-solr/commit/d14bf2dc1ab0fd9d27d8add9ead1a7a76f4f340f,org.apache.solr:solr-core:7.4.0
CVE-2018-12541,https://github.com/eclipse-vertx/vert.x/commit/269a583330695d1418a4f5578f7169350b2e1332,io.vertx:vertx-core:3.5.3
CVE-2020-26259,https://github.com/x-stream/xstream/commit/0bcbf50126a62dfcd65f93a0da0c6d1ae92aa738,com.thoughtworks.xstream:xstream:1.4.11.1
CVE-2018-8027,https://github.com/apache/camel/commit/24eefa559fe6b310629d2bf00663d2679ec81b9,org.apache.camel:camel-core:2.20.1
CVE-2018-8027,https://github.com/apache/camel/commit/3fe03e361725b66c1c3eaa40bb11577fb3dc17b,org.apache.camel:camel-core:2.20.1
CVE-2021-21349,https://github.com/x-stream/xstream/commit/d5e51177634afea7213b9dc2d21f101d2e258db9,com.thoughtworks.xstream:xstream:1.4.11.1
CVE-2018-11771,https://github.com/apache/commons-compress/commit/a41ce6892cb0590b2e658704434ac0dbcb6834c8,org.apache.commons:commons-compress:1.9
CVE-2015-5531,https://github.com/elastic/elasticsearch/commit/df1427a2935237fb61fc641984f9c76478627fec,org.elasticsearch:elasticsearch:1.5.2
CVE-2015-5531,https://github.com/elastic/elasticsearch/commit/f639ecb68221ba1997d418547dadb4c503d784e0,org.elasticsearch:elasticsearch:1.5.2
CVE-2021-37137,https://github.com/netty/netty/commit/41d3d61a61608f2223bb364955ab2045dd5e4020,io.netty:netty-codec:4.1.5.Final
CVE-2019-17632,https://github.com/eclipse/jetty.project/commit/ba1fe2826d49c52f82b49bb32737a361519c0479,org.eclipse.jetty:jetty-server:9.4.22.v20191022
CVE-2019-17632,https://github.com/eclipse/jetty.project/commit/cf0df6e3ffdcd64d607a35488edb5b0b75350d33,org.eclipse.jetty:jetty-server:9.4.22.v20191022
CVE-2010-1622,https://github.com/spring-projects/spring-framework/commit/3a5af35d37c79d0644d49b93f792a4c18fe8eb71,org.springframework:spring-beans:2.5.6
CVE-2019-3778,https://github.com/spring-projects/spring-security-oauth/commit/97e0b4ab282acbed3588e05be03d5a0c4dbf3367,org.springframework.security.oauth:spring-security-oauth2:2.3.4.RELEASE
CVE-2016-6812,https://github.com/apache/cxf/commit/a23c615b,org.apache.cxf:cxf-rt-transports-http:3.0.5
CVE-2016-6812,https://github.com/apache/cxf/commit/32e89366,org.apache.cxf:cxf-rt-transports-http:3.0.5
CVE-2016-6812,https://github.com/apache/cxf/commit/1be97cb1,org.apache.cxf:cxf-rt-transports-http:3.0.5
CVE-2016-6812,https://github.com/apache/cxf/commit/1f824d80,org.apache.cxf:cxf-rt-transports-http:3.0.5
CVE-2018-1282,https://github.com/apache/hive/commit/0330c1c0b62f3c2e6a4744048578dea55193b62,org.apache.hive:hive-jdbc:1.2.1
CVE-2018-1282,https://github.com/apache/hive/commit/63df42966cf44ffdd20d3fcdcfb70738c0432ab,org.apache.hive:hive-jdbc:1.2.1
CVE-2016-3086,https://github.com/apache/hadoop/commit/c3b7425bf108a600889a4d59ae947b6f7523dcca,org.apache.hadoop:hadoop-common:2.6.0
CVE-2016-6652,https://github.com/spring-projects/spring-data-jpa/commit/a22c17fc12f7063716cb40c11d1ff4e265ef8556,org.springframework.data:spring-data-jpa:1.7.1.RELEASE
CVE-2016-5393,https://github.com/apache/hadoop/commit/49a95718754cb6d302371b2421e86da7bce50297,org.apache.hadoop:hadoop-common:2.7.2
CVE-2008-5515,https://github.com/apache/tomcat/commit/c5200318b7f030d658f22b6c2f2ab6fd565d26a3,org.apache.tomcat:catalina:6.0.18
CVE-2008-5515,https://github.com/apache/tomcat/commit/60bb2ad3653c8e08052ccee653fb2f0901b94139,org.apache.tomcat:catalina:6.0.18
CVE-2015-1776,https://github.com/apache/hadoop/commit/6b710a42e00acca405e085724c89cda016cf7442,org.apache.hadoop:hadoop-mapreduce-client-core:2.6.0
CVE-2014-3120,https://github.com/elastic/elasticsearch/commit/95bd04b2c7fd7387c7e3b3367361dcf9fe9f9d06,org.elasticsearch:elasticsearch:1.0.0
CVE-2013-7397,https://github.com/AsyncHttpClient/async-http-client/commit/df6ed70e86c8fc340ed75563e016c8baa94d7e72,com.ning:async-http-client:1.8.7
CVE-2019-20444,https://github.com/netty/netty/commit/745814b382e828c344aeff2ab4fd9530fbb7cdfe,io.netty:netty-codec-http:4.1.43.Final
CVE-2019-20444,https://github.com/netty/netty/commit/6ad40c8c17199299b75a04225da10ebda5b377f2,io.netty:netty-codec-http:4.1.43.Final
CVE-2021-20328,https://github.com/mongodb/mongo-java-driver/commit/dcd67f113549276b44795243d41a442e821d2f57,org.mongodb:mongo-java-driver:3.11.0
CVE-2020-10683,https://github.com/dom4j/dom4j/commit/a8228522a99a02146106672a34c104adbda5c658,org.dom4j:dom4j:2.0.0
CVE-2014-9970,https://github.com/jboss-fuse/jasypt/commit/8e62852a8018978ee19d39056c650fb66ffa0ff6,org.jasypt:jasypt:1.9.0
CVE-2021-39148,https://github.com/x-stream/xstream/commit/652d72f38b33938c54fd3b2ef626cb7dce38001c,com.thoughtworks.xstream:xstream:1.4.11.1
CVE-2018-9159,https://github.com/perwendel/spark/commit/030e9d00125cbd1ad759668f85488aba1019c668,com.sparkjava:spark-core:2.5.5
CVE-2018-9159,https://github.com/perwendel/spark/commit/a221a864db28eb736d36041df2fa6eb8839fc5cd,com.sparkjava:spark-core:2.5.5
CVE-2016-1000343,https://github.com/bcgit/bc-java/commit/50a53068c094d6cff37659da33c9b4505becd389,org.bouncycastle:bcprov-jdk15on:1.54
CVE-2019-10219,https://github.com/hibernate/hibernate-validator/commit/c1ce5278846a6fa1b009412fa65cbd33794050e8,org.hibernate.validator:hibernate-validator:6.0.17.Final
CVE-2019-10219,https://github.com/hibernate/hibernate-validator/commit/20d729548511ac5cff6fd459f93de137195420fe,org.hibernate.validator:hibernate-validator:6.0.17.Final
CVE-2010-2232,https://github.com/apache/derby/commit/ffa9392f7564652afc5d499a637aa2f5289cacc2,org.apache.derby:derby:10.5.3.0_1
CVE-2020-35217,https://github.com/vert-x3/vertx-web/commit/2f5eb8524c9b671c2e441a6ffacf2bb42e8fccd2,io.vertx:vertx-web:3.5.4
CVE-2011-2732,https://github.com/spring-projects/spring-security/commit/f5fbda42e5f494f1a8aa96a0f8b35d60a4f57556,org.springframework.security:spring-security-core:2.0.4
CVE-2015-6644,https://github.com/bcgit/bc-java/commit/9bc10bbaa9620d691c58e2b37f31f0d31ceea61f,org.bouncycastle:bcprov-ext-jdk15on:1.54
CVE-2014-0074,https://github.com/apache/shiro/commit/f988846207f98c98ff24213ee9063798ea5d9b6c,org.apache.shiro:shiro-core:1.2.1
CVE-2014-0074,https://github.com/apache/shiro/commit/9137e6cc45922b529fb776c6857647a3935471bb,org.apache.shiro:shiro-core:1.2.1
CVE-2014-7810,https://github.com/apache/tomcat/commit/8179973,org.apache.tomcat:jasper:6.0.29
CVE-2014-7810,https://github.com/apache/tomcat/commit/8cf3d4aa3be92593302848ef4edd2cfc0e366a49,org.apache.tomcat:jasper:6.0.29
CVE-2017-7656,https://github.com/eclipse/jetty.project/commit/a285deea42fcab60d9edcf994e458c238a348b55,org.eclipse.jetty:jetty-http:9.2.14.v20151106
CVE-2021-37136,https://github.com/netty/netty/commit/6da4956b31023ae967451e1d94ff51a746a9194f,io.netty:netty-codec:4.1.5.Final
CVE-2018-1296,https://github.com/apache/hadoop/commit/7252e18c30f40bce9d01d5bb77f0ae526f479ad4,org.apache.hadoop:hadoop-hdfs:2.6.0
CVE-2018-17197,https://github.com/apache/tika/commit/0c49c851979163334ea05cbebdd11ff87feba62d,org.apache.tika:tika-parsers:1.18
CVE-2016-3092,https://github.com/apache/commons-fileupload/commit/774ef160d591b579f703c694002e080f99bcd28b,commons-fileupload:commons-fileupload:1.3.1
CVE-2022-0265,https://github.com/hazelcast/hazelcast/commit/4d6b666cd0291abd618c3b95cdbb51aa4208e748,com.hazelcast:hazelcast:5.0.2
CVE-2014-3577,https://github.com/apache/httpclient/commit/51cc67567765d67f878f0dcef61b5ded454d3122,org.apache.httpcomponents:httpclient:4.2.5
CVE-2020-7238,https://github.com/netty/netty/commit/8494b046ec7e4f28dbd44bc699cc4c4c92251729,io.netty:netty-codec-http:4.1.43.Final
CVE-2020-7692,https://github.com/googleapis/google-oauth-java-client/commit/13433cd7dd06267fc261f0b1d4764f8e3432c824,com.google.oauth-client:google-oauth-client:1.23.0
CVE-2020-36320,https://github.com/vaadin/framework/commit/17f5c1b6693892e00a4c2379d621043ef077f24e,com.vaadin:vaadin-server:7.7.3
CVE-2020-10714,https://github.com/wildfly-security/wildfly-elytron/commit/34e897b69b2dca907bba3357af5c20a29a9c4f9e,org.wildfly.security:wildfly-elytron:1.1.0.Final
CVE-2013-5960,https://github.com/ESAPI/esapi-java-legacy/commit/b7cbc53f9cc967cf1a5a9463d8c6fef9ed6ef4f7,org.owasp.esapi:esapi:2.1.0.1
CVE-2018-8010,https://github.com/apache/lucene-solr/commit/1b760114216fcdfae138a8b37f183a9293c49115,org.apache.solr:solr-core:6.3.0
CVE-2015-7521,https://github.com/apache/hive/commit/98f933f269e6b528ef84912b3d701ca3272ec04b,org.apache.hive:hive-exec:1.2.1
CVE-2021-29262,https://github.com/apache/lucene-solr/commit/d97d1a07024edabb8dcd9ccf40f9ba31209c36ab,org.apache.solr:solr-core:7.4.0
CVE-2021-28657,https://github.com/apache/tika/commit/26a9965659921a8aa4205393479584372db7cb35,org.apache.tika:tika-parsers:1.24.1
CVE-2018-10936,https://github.com/pgjdbc/pgjdbc/commit/cdeeaca47dc3bc6f727c79a582c9e4123099526e,org.postgresql:postgresql:42.2.2
CVE-2013-5679,https://github.com/ESAPI/esapi-java-legacy/commit/41138fef5f63d9cf0d5e05d2bee2c7f682ffef3f,org.owasp.esapi:esapi:2.0.1
CVE-2018-11777,https://github.com/apache/hive/commit/00c0ee7bc4b8492476b377a6edafcc33411f14b,org.apache.hive:hive-exec:1.2.1
CVE-2018-11777,https://github.com/apache/hive/commit/3b2ea248078bdf3a8372958cf51a989dc3883bcc,org.apache.hive:hive-exec:1.2.1
CVE-2018-11777,https://github.com/apache/hive/commit/f0419dfaabe31dd7802c37aeebab101265907e1,org.apache.hive:hive-exec:1.2.1
CVE-2018-11777,https://github.com/apache/hive/commit/1a1d6ca1bc3ae840238dc345fa1eb2c7c28c8cb,org.apache.hive:hive-exec:1.2.1
CVE-2016-4434,https://github.com/apache/tika/commit/ab7c3253b8450c2d483edab60e4365fef0c4ae38,org.apache.tika:tika-parsers:1.3
CVE-2019-3795,https://github.com/spring-projects/spring-security/commit/6f02f690ac65ccf99d8df47ac3d730a68f87c569,org.springframework.security:spring-security-core:4.2.3.RELEASE
CVE-2020-17521,https://github.com/apache/groovy/commit/4e418d4a34c973a7ec1e822552103043ac13780e,org.codehaus.groovy:groovy:2.4.5
CVE-2020-26939,https://github.com/bcgit/bc-java/commit/930f8b274c4f1f3a46e68b5441f1e7fadb57e8c1,org.bouncycastle:bcprov-ext-jdk15on:1.60
CVE-2015-0264,https://github.com/apache/camel/commit/1df559649a96a1ca0368373387e542f46e4820da,org.apache.camel:camel-core:2.13.2
CVE-2019-7614,https://github.com/elastic/elasticsearch/commit/bdb8d3c440a75c035b045c21b7ef2237e56c95c7,org.elasticsearch:elasticsearch:7.2.0
CVE-2014-3578,https://github.com/spring-projects/spring-framework/commit/8ee465103850a3dca018273fe5952e40d5c45a66,org.springframework:spring-core:3.0.5.RELEASE
CVE-2014-3578,https://github.com/spring-projects/spring-framework/commit/f6fddeb6eb7da625fd711ab371ff16512f431e8d,org.springframework:spring-core:3.0.5.RELEASE
CVE-2019-20445,https://github.com/netty/netty/commit/8494b046ec7e4f28dbd44bc699cc4c4c92251729,io.netty:netty-codec-http:4.1.43.Final
CVE-2019-10184,https://github.com/undertow-io/undertow/commit/5fa7ac68c0e4251c93056d9982db5e794e04ebfa,io.undertow:undertow-servlet:2.0.19.Final
CVE-2019-10184,https://github.com/undertow-io/undertow/commit/d2715e3afa13f50deaa19643676816ce391551e9,io.undertow:undertow-servlet:2.0.19.Final
CVE-2017-9799,https://github.com/apache/storm/commit/44b80fbfcf8a52b6e7cb3840a52ff07f8a2364e4,org.apache.storm:storm-core:1.0.3
CVE-2021-41269,https://github.com/jmrozanec/cron-utils/commit/cfd2880f80e62ea74b92fa83474c2aabdb9899da,com.cronutils:cron-utils:5.0.5
CVE-2009-0783,https://github.com/apache/tomcat/commit/06c23d8,org.apache.tomcat:catalina:6.0.18
CVE-2020-13957,https://github.com/apache/lucene-solr/commit/e001c2221812a0ba9e9378855040ce72f93eced4,org.apache.solr:solr-core:7.4.0
CVE-2021-45105,https://github.com/apache/logging-log4j2/commit/806023265f8c905b2dd1d81fd2458f64b2ea0b5e,org.apache.logging.log4j:log4j-1.2-api:2.11.1
CVE-2012-1089,https://github.com/apache/wicket/commit/887f2608a20b54aab7b57c24529bb98dece5bf3f,org.apache.wicket:wicket-core:1.5.3
CVE-2018-1313,https://github.com/apache/derby/commit/4da5b2db5f3a60c1fa8ef616d88a7efe28b0c9d,org.apache.derby:derby:10.11.1.1
CVE-2018-1313,https://github.com/apache/derby/commit/a2027c64e185a9ce46929f352e2db03371c1f95,org.apache.derby:derby:10.11.1.1
CVE-2018-1000632,https://github.com/dom4j/dom4j/commit/e598eb43d418744c4dbf62f647dd2381c9ce9387,org.dom4j:dom4j:2.1.0
CVE-2017-18349,https://github.com/alibaba/fastjson/commit/f5903fa56497c00ed0703ac875b511f9bd5f1d8e,com.alibaba:fastjson:1.2.24
CVE-2017-9096,https://github.com/itext/itextpdf/commit/ad38371c396ac5ffbfb28056809e8ffaa5a18ccd,com.itextpdf:itextpdf:5.5.11
CVE-2019-0228,https://github.com/apache/pdfbox/commit/be36ef01842885b556a4e7b40b5e2e8e7b1d2816,org.apache.pdfbox:pdfbox:2.0.14
CVE-2019-0228,https://github.com/apache/pdfbox/commit/072d68ec99a71bf271ec0f879e5cd71511e89093,org.apache.pdfbox:pdfbox:2.0.14
CVE-2019-0228,https://github.com/apache/pdfbox/commit/e5232887e684aeffc37ebb25ee8953e43d95c77c,org.apache.pdfbox:pdfbox:2.0.14
CVE-2018-1000613,https://github.com/bcgit/bc-java/commit/cd98322b171b15b3f88c5ec871175147893c31e6,org.bouncycastle:bcprov-jdk15on:1.59
CVE-2013-6429,https://github.com/spring-projects/spring-framework/commit/7387cb990e35b0f1b573faf29d4f9ae183d7a5e,org.springframework:spring-core:3.0.5.RELEASE
CVE-2019-17638,https://github.com/eclipse/jetty.project/commit/ff8ae56fa939c3477a0cdd1ff56ce3d902f08fba,org.eclipse.jetty:jetty-server:9.4.28.v20200408
CVE-2020-13692,https://github.com/pgjdbc/pgjdbc/commit/14b62aca4764d496813f55a43d050b017e01eb65,org.postgresql:postgresql:42.2.5
CVE-2018-21234,https://github.com/oblac/jodd/commit/9bffc3913aeb8472c11bb543243004b4b4376f16,org.jodd:jodd-json:3.6.6
CVE-2018-1000180,https://github.com/bcgit/bc-java/commit/73780ac522b7795fc165630aba8d5f5729acc839,org.bouncycastle:bcprov-jdk15on:1.59
CVE-2018-1000180,https://github.com/bcgit/bc-java/commit/22467b6e8fe19717ecdf201c0cf91bacf04a55ad,org.bouncycastle:bcprov-jdk15on:1.59
CVE-2018-7489,https://github.com/FasterXML/jackson-databind/commit/ddfddfba6414adbecaff99684ef66eebd3a92e92,com.fasterxml.jackson.core:jackson-databind:2.8.9
CVE-2018-7489,https://github.com/FasterXML/jackson-databind/commit/60d459cedcf079c6106ae7da2ac562bc32dcabe1,com.fasterxml.jackson.core:jackson-databind:2.8.9
CVE-2018-7489,https://github.com/FasterXML/jackson-databind/commit/6799f8f10cc78e9af6d443ed6982d00a13f2e7d2,com.fasterxml.jackson.core:jackson-databind:2.8.9
CVE-2016-7051,https://github.com/FasterXML/jackson-dataformat-xml/commit/eeff2c312e9d4caa8c9f27b8f740c7529d00524a,com.fasterxml.jackson.dataformat:jackson-dataformat-xml:2.7.4
CVE-2014-7839,https://github.com/resteasy/Resteasy/commit/5f1e974687ce45349431652d89b5927449967dc2,org.jboss.resteasy:resteasy-jaxrs:3.0.10.Final
CVE-2013-7398,https://github.com/AsyncHttpClient/async-http-client/commit/dfacb8e05d0822c7b2024c452554bd8e1d6221d8,com.ning:async-http-client:1.6.5
CVE-2013-7398,https://github.com/AsyncHttpClient/async-http-client/commit/a894583921c11c3b01f160ada36a8bb9d5158e9,com.ning:async-http-client:1.6.5
CVE-2017-7658,https://github.com/eclipse/jetty.project/commit/a285deea42fcab60d9edcf994e458c238a348b55,org.eclipse.jetty:jetty-http:9.2.14.v20151106
CVE-2019-13234,https://github.com/alkacon/opencms-core/commit/185e71cc9844c90c0c29b730bd92b0375f1eca21,org.opencms:opencms-core:8.5.0
CVE-2020-10719,https://github.com/undertow-io/undertow/commit/aa5e1fe11fec75032f14f0ae23e586f4cf3a3365,io.undertow:undertow-core:2.0.28.Final
CVE-2018-12538,https://github.com/eclipse/jetty.project/commit/a0b8321ef452dddff9bc6c14e3ac0108239bfa2c,org.eclipse.jetty:jetty-server:9.4.8.v20171121
CVE-2018-8013,https://github.com/apache/xmlgraphics-batik/commit/f91125b26a6ca2b7a1195f1842360bed03629839,org.apache.xmlgraphics:batik-dom:1.7
CVE-2018-8013,https://github.com/apache/xmlgraphics-batik/commit/c5e5734293920250f2876648ac93660afc1d2923,org.apache.xmlgraphics:batik-dom:1.7
CVE-2017-7536,https://github.com/hibernate/hibernate-validator/commit/0886e89900d343ea20fde5137c9a3086e6da9ac,org.hibernate:hibernate-validator:5.3.4.Final
CVE-2017-7536,https://github.com/hibernate/hibernate-validator/commit/0ed45f37c4680998167179e631113a2c9cb5d11,org.hibernate:hibernate-validator:5.3.4.Final
CVE-2018-1324,https://github.com/apache/commons-compress/commit/2a2f1dc48e22a34ddb72321a4db211da91aa933b,org.apache.commons:commons-compress:1.14
CVE-2020-11050,https://github.com/TooTallNate/Java-WebSocket/commit/2dbe2d3c4a3ba63a0132a256ccefbfceb69531c9,org.java-websocket:Java-WebSocket:1.3.0
CVE-2020-11989,https://github.com/apache/shiro/commit/b90f91875e5e18c4805013c2fa0567b1700f5a96,org.apache.shiro:shiro-web:1.3.2
CVE-2015-1832,https://github.com/apache/derby/commit/7643f9651406e12c9563a92b3dd258505e6c7144,org.apache.derby:derby:10.11.1.1
CVE-2016-1181,https://github.com/kawasima/struts1-forever/commit/eda3a79907ed8fcb0387a0496d0cb14332f250e8,struts:struts:1.2.9
CVE-2015-2351,https://github.com/alkacon/opencms-core/commit/a2e5cba0adc345943a07d1aacb6adf1a1b20c6fc,org.opencms:opencms-core:8.0.1
CVE-2022-0239,https://github.com/stanfordnlp/corenlp/commit/1940ffb938dc4f3f5bc5f2a2fd8b35aabbbae3dd,edu.stanford.nlp:stanford-corenlp:3.8.0
CVE-2018-20433,https://github.com/zhutougg/c3p0/commit/2eb0ea97f745740b18dd45e4a909112d4685f87b,com.mchange:c3p0:0.9.5.2
CVE-2018-20433,https://github.com/swaldman/c3p0/commit/7dfdda63f42759a5ec9b63d725b7412f74adb3e1,com.mchange:c3p0:0.9.5.2
CVE-2018-1320,https://github.com/apache/thrift/commit/d973409661f820d80d72c0034d06a12348c8705e,org.apache.thrift:libthrift:0.9.3
CVE-2015-1427,https://github.com/elastic/elasticsearch/commit/764fda6420a0aa10db4abef15429b5e77b9be8bf,org.elasticsearch:elasticsearch:1.4.0
CVE-2015-1427,https://github.com/elastic/elasticsearch/commit/68c4a6201e6c889b272c1b64550237fe6d172b47,org.elasticsearch:elasticsearch:1.4.0
CVE-2015-1427,https://github.com/elastic/elasticsearch/commit/69735b0f4ab9ad7df4b82e8c917589b52cb9978c,org.elasticsearch:elasticsearch:1.4.0
CVE-2021-39139,https://github.com/x-stream/xstream/commit/652d72f38b33938c54fd3b2ef626cb7dce38001c,com.thoughtworks.xstream:xstream:1.4.11.1
CVE-2014-3529,https://github.com/apache/poi/commit/103b45073c7b504236588b3acc146530205af53c,org.apache.poi:poi-ooxml:3.9
CVE-2014-3529,https://github.com/apache/poi/commit/236c3c52a9b90688b2e57ec503559409e29f33ed,org.apache.poi:poi-ooxml:3.9
CVE-2014-3529,https://github.com/apache/poi/commit/d72bd78c19dfb7b57395a66ae8d9269d59a87bd2,org.apache.poi:poi-ooxml:3.9
CVE-2014-3529,https://github.com/apache/poi/commit/6050a68d5adfb4ffef1edb778add09bcee32d1c3,org.apache.poi:poi-ooxml:3.9
CVE-2014-3529,https://github.com/apache/poi/commit/eabb6a924be24abb879372d0bc967e0d316b2cf8,org.apache.poi:poi-ooxml:3.9
